,folds,test_auc,val_auc,test_acc,val_acc
0,0,0.5714285714285715,0.5357142857142857,0.7333333333333334,0.7333333333333334
1,1,0.7678571428571429,0.75,0.7333333333333334,0.7333333333333334
2,2,0.5178571428571429,0.5535714285714286,0.4666666666666667,0.6666666666666667
