,folds,test_auc,val_auc,test_acc,val_acc
0,0,0.9712999999999999,0.979,0.9299999999999999,0.92
1,1,0.9833999999999999,0.9899,0.925,0.9299999999999999
2,2,0.9591,0.9646,0.915,0.91
