,folds,test_auc,val_auc,test_acc,val_acc
0,0,0.9754,0.978,0.9299999999999999,0.94
1,1,0.9855,0.9827999999999999,0.935,0.9299999999999999
2,2,0.9741000000000001,0.9764,0.94,0.94
