,folds,test_auc,val_auc,test_acc,val_acc
0,0,0.9551000000000001,0.9755999999999999,0.9299999999999999,0.935
1,1,0.9821999999999999,0.9828,0.91,0.915
2,2,0.9758,0.968,0.915,0.91
